{
  "id": "untrapd-appfinder-welcome-sequence",
  "type": "email_template",
  "platform": ["mailchimp"],
  "brand": "untrapd",
  "ecosystem": "appfinder_etsy_hub",
  "audience": {
    "primary": "appfinder_users",
    "secondary": ["potential_etsy_customers", "hub_community_prospects"],
    "demographics": {
      "age_range": "25-44",
      "interests": ["app_discovery", "productivity", "automotive_design", "premium_lifestyle"],
      "tech_savviness": "intermediate_to_advanced",
      "income_level": "middle_to_high"
    }
  },
  "content": {
    "template": "Untrapd AppFinder Welcome Sequence with Cross-Platform Integration",
    "variations": [
      {
        "id": "untrapd_welcome_day0",
        "test_group": "day_0",
        "template": "Subject: 🎉 Welcome to AppFinder - Your app discovery journey starts now!\n\nHi {{first_name}},\n\nWelcome to the AppFinder family! 🚀\n\nI'm excited you've joined the 10,000+ people who are transforming how they discover productivity apps. You're now part of the Untrapd ecosystem - where professional device security meets premium lifestyle.\n\nAppFinder isn't just another app discovery tool. It's your personal curator for finding apps that actually move the needle on your productivity.\n\n🎯 Here's what happens next:\n\n• Today: Complete your discovery profile for personalized recommendations\n• Tomorrow: Get your first 3 hand-picked app suggestions\n• This week: Discover at least 2 apps that will change your workflow\n\n💡 Quick Start Tip:\nEnable push notifications so you never miss when we find apps perfect for your specific needs. This takes 30 seconds and ensures you're always first to know about game-changing discoveries.\n\n[Complete Your Profile →]\n\nQuestions? Just reply to this email - I read every single one.\n\nWelcome to smarter app discovery,\nThe Untrapd Team\n\nP.S. You might notice we're not just about apps - we also create premium automotive-inspired designs for people who appreciate quality in every aspect of life. More on that soon! 🏎️\n\n---\nUntrapd | hub.untrapd.com | Unsubscribe",
        "performance_notes": "Personal welcome with ecosystem teaser and clear next steps",
        "cross_promotion": "subtle_brand_introduction",
        "conversion_goals": ["profile_completion", "notification_opt_in", "brand_awareness"]
      },
      {
        "id": "untrapd_day1_recommendations",
        "test_group": "day_1",
        "template": "Subject: 📱 Your first 3 app recommendations are ready (+ a surprise)\n\nHi {{first_name}},\n\nBased on your profile, I've personally curated 3 apps that are perfect for your workflow:\n\n🎯 **Perfect for {{user_focus_area}}:**\n\n1. **{{recommended_app_1}}** - {{app_1_description}}\n   Why you'll love it: {{app_1_benefit}}\n   \n2. **{{recommended_app_2}}** - {{app_2_description}}\n   Why it's perfect: {{app_2_benefit}}\n   \n3. **{{recommended_app_3}}** - {{app_3_description}}\n   The game-changer: {{app_3_benefit}}\n\n[Get These Apps →]\n\n💡 Pro Tip from the community:\n\"Start with just one app at a time. Master it for a week before adding the next.\" - Sarah K., Product Manager\n\n🎁 **Special Welcome Bonus:**\nAs part of the Untrapd family, you appreciate quality in everything - from the apps you use to the style you wear. Check out our premium SuperHyperCar hoodie collection, designed for professionals who value both performance and precision.\n\n**Exclusive for AppFinder users: 15% off your first order**\nCode: APPFINDER15\n\n[Shop Premium Hoodies →]\n\nTomorrow, I'll share the #1 mistake new app discoverers make (and how to avoid it).\n\nHappy discovering,\nThe Untrapd Team\n\n---\nUntrapd | hub.untrapd.com | Unsubscribe",
        "performance_notes": "Personalized recommendations with first cross-promotion to Etsy",
        "cross_promotion": "etsy_discount_15_percent",
        "conversion_goals": ["app_installation", "etsy_awareness", "discount_usage"]
      },
      {
        "id": "untrapd_day3_mistakes",
        "test_group": "day_3",
        "template": "Subject: The #1 mistake new app discoverers make (and how to avoid it)\n\nHi {{first_name}},\n\nI've watched thousands of people start their app discovery journey, and I've noticed a pattern.\n\nThe people who get the most value from AppFinder do one thing differently: **They focus on solving one problem at a time.**\n\nMost people make this mistake: They download 10+ apps at once, try to use them all, get overwhelmed, and end up using none.\n\nInstead, try this: **The One-App Rule**\n\nPick ONE app from your recommendations. Use it for 5 days straight. Master its core feature. THEN add the next app.\n\n📊 Real example:\nMark, a startup founder, was struggling with task management. Instead of trying Todoist, Notion, and Asana simultaneously, he spent one week mastering just Todoist. Result? 40% increase in daily task completion.\n\n🎯 Your Action for Today:\nIf you haven't started with one of your recommended apps yet, pick ONE and commit to using it for the next 5 days. If you already started, how's it going? Reply and let me know!\n\n[Review Your Recommendations →]\n\n💬 What our community says about this approach:\n\n\"The one-app rule changed everything. I actually USE the apps I discover now instead of just collecting them.\" - David Chen, Designer\n\n\"Focusing on one at a time helped me build actual habits instead of just downloading more apps.\" - Lisa Rodriguez, Consultant\n\nNext up: I'll share how successful people organize their newly discovered apps for maximum impact.\n\nYour app discovery partner,\nThe Untrapd Team\n\nP.S. Just like mastering one app at a time, we believe in focusing on quality over quantity in everything we create - from AppFinder's curation to our premium SuperHyperCar designs. Both reflect our commitment to excellence.\n\n---\nUntrapd | hub.untrapd.com | Unsubscribe",
        "performance_notes": "Educational content addressing common user behavior with lifestyle alignment",
        "cross_promotion": "lifestyle_philosophy_alignment",
        "conversion_goals": ["behavior_change", "engagement_increase", "brand_philosophy_alignment"]
      },
      {
        "id": "untrapd_week1_celebration",
        "test_group": "day_7",
        "template": "Subject: 🚀 One week with AppFinder - let's celebrate your discoveries!\n\nHi {{first_name}},\n\nIt's been a week since you joined AppFinder, and I wanted to celebrate your progress!\n\n🎉 **Your Discovery Stats:**\n• Apps recommended: {{recommended_count}}\n• Apps you've tried: {{tried_count}}\n• Productivity boost: Estimated {{productivity_gain}} based on your usage\n\n🚀 **Ready for Advanced Discovery?**\n\nNow that you've experienced AppFinder's power, here are 3 pro features that will supercharge your app discovery:\n\n1. **Smart Categories** - Filter by your exact use case\n   Get apps for \"morning routine,\" \"deep work,\" or \"team collaboration\"\n   → Result: 90% more relevant recommendations\n\n2. **Trend Alerts** - Never miss emerging apps in your field\n   Be the first to discover apps before they hit mainstream\n   → Result: Stay ahead of productivity trends\n\n3. **Community Insights** - See what similar users love\n   Connect with other professionals in your industry\n   → Result: Discover niche apps perfect for your role\n\n[Explore Advanced Features →]\n\n💡 **Community Spotlight:**\nThis week, Jennifer M. (Marketing Director) discovered 3 apps that cut her content creation time by 50%. She says: \"AppFinder doesn't just find apps - it finds solutions I didn't know existed.\"\n\n🎁 **Week 1 Bonus:**\nYou've proven you're serious about quality - in your apps AND your style. \n\nOur SuperHyperCar collection represents the same attention to detail you apply to your productivity. Premium materials, precision design, automotive inspiration.\n\n**This week only: 20% off any hoodie + free shipping**\nCode: WEEK1WINNER\n\n[Shop the Collection →]\n\nKeep discovering amazing apps!\nThe Untrapd Team\n\nP.S. Share your biggest AppFinder discovery so far by replying - I love hearing success stories from our community!\n\n---\nUntrapd | hub.untrapd.com | Unsubscribe",
        "performance_notes": "Milestone celebration with advanced features introduction and stronger Etsy promotion",
        "cross_promotion": "etsy_discount_20_percent_week1",
        "conversion_goals": ["advanced_feature_adoption", "etsy_conversion", "community_engagement"]
      },
      {
        "id": "untrapd_day14_ecosystem",
        "test_group": "day_14",
        "template": "Subject: 🏎️ From discovering apps to expressing your style - the complete Untrapd experience\n\nHi {{first_name}},\n\nTwo weeks ago, you downloaded AppFinder to improve your productivity. Today, I want to show you something bigger.\n\nYou're not just an AppFinder user - you're part of the Untrapd ecosystem. A community where professional excellence meets premium lifestyle.\n\n**Here's what makes Untrapd different:**\n\n🔍 **AppFinder** - Curated app discovery for productivity professionals\n✅ You're already experiencing this!\n\n🏎️ **SuperHyperCar Designs** - Premium automotive-inspired apparel\n→ Because the same attention to detail you bring to choosing apps should extend to everything you wear\n\n🌐 **Hub Community** - Where tech innovation meets automotive passion\n→ Connect with like-minded professionals who value quality in all aspects of life\n\n**The Connection?**\nEvery piece reflects the same philosophy: **Precision, Quality, Performance**\n\nWhether you're discovering the perfect productivity app or wearing a design inspired by automotive excellence, you're expressing your commitment to excellence.\n\n🎯 **Your Complete Untrapd Experience:**\n\n1. **Keep Discovering** - Your next productivity breakthrough is waiting\n   [Explore New Apps →]\n\n2. **Express Your Style** - Premium hoodies that match your professional standards\n   [Shop SuperHyperCar →]\n\n3. **Join the Community** - Connect with other excellence-focused professionals\n   [Join Hub Community →]\n\n💬 **From Our Community:**\n\"I love that Untrapd gets it - we care about the details in our tools AND our style. It's rare to find a brand that bridges both worlds so authentically.\" - Michael Torres, Software Architect\n\n🎁 **Complete Your Ecosystem:**\n**Limited Time: 25% off any SuperHyperCar design**\n**Plus: Free Hub Community premium access (3 months)**\nCode: ECOSYSTEM25\n\nThis offer expires in 48 hours and is exclusively for AppFinder users.\n\n[Claim Your Ecosystem Bonus →]\n\nThanks for being part of what we're building,\nThe Untrapd Team\n\nP.S. Whether you take advantage of this offer or not, you'll always have a home in the Untrapd community. We're building something special for people who refuse to settle for \"good enough.\"\n\n---\nUntrapd | hub.untrapd.com | Unsubscribe",
        "performance_notes": "Full ecosystem introduction with strong cross-platform conversion focus",
        "cross_promotion": "full_ecosystem_integration",
        "conversion_goals": ["cross_platform_adoption", "ecosystem_understanding", "premium_conversion"]
      }
    ],
    "placeholders": {
      "first_name": {
        "type": "string",
        "description": "User's first name",
        "required": true
      },
      "user_focus_area": {
        "type": "string",
        "description": "User's primary productivity focus area",
        "options": ["project management", "design workflow", "development tools", "business analysis", "content creation"],
        "required": true
      },
      "recommended_app_1": {
        "type": "string",
        "description": "First personalized app recommendation",
        "required": true
      },
      "recommended_count": {
        "type": "number",
        "description": "Total apps recommended to user",
        "default": 15
      },
      "tried_count": {
        "type": "number", 
        "description": "Apps user has actually tried",
        "default": 3
      },
      "productivity_gain": {
        "type": "string",
        "description": "Estimated productivity improvement",
        "default": "2-3 hours per week"
      }
    }
  },
  "metadata": {
    "created_at": "2025-01-25T15:30:00Z",
    "updated_at": "2025-01-25T15:30:00Z",
    "version": "1.0.0",
    "author": "Agent C - Marketing Integration Specialist",
    "tags": ["untrapd", "appfinder", "cross-promotion", "ecosystem", "premium"],
    "brand_voice": "professional_yet_approachable",
    "tone": "confident_expert_guide",
    "ecosystem_integration": {
      "primary_platform": "appfinder",
      "cross_promotion": ["etsy_shop", "hub_community"],
      "conversion_funnel": "app_user_to_lifestyle_customer"
    },
    "performance_tracking": {
      "metrics": ["open_rate", "click_through_rate", "cross_platform_conversion", "etsy_purchases", "unsubscribe_rate"],
      "goals": {
        "open_rate": 0.52,
        "click_through_rate": 0.12,
        "cross_platform_conversion": 0.08,
        "etsy_conversion": 0.03,
        "sequence_completion": 0.45
      }
    }
  },
  "automation": {
    "scheduling": {
      "auto_schedule": true,
      "frequency": "sequence",
      "sequence_duration": 14,
      "optimal_send_times": ["9:00 AM", "2:00 PM", "7:00 PM"],
      "timezone": "user_local"
    },
    "triggers": [
      {
        "event": "appfinder_download",
        "action": "start_sequence",
        "delay": 60,
        "conditions": {"email_provided": true, "onboarding_completed": true}
      },
      {
        "event": "app_recommendation_click",
        "action": "send_followup",
        "delay": 1440,
        "template": "engagement_boost"
      },
      {
        "event": "etsy_shop_visit",
        "action": "add_tag",
        "tag": "etsy_interested",
        "followup": "etsy_nurture_sequence"
      }
    ],
    "personalization": {
      "dynamic_fields": ["user_focus_area", "app_usage_stats", "recommendation_engagement", "productivity_metrics"],
      "segmentation_rules": [
        {
          "condition": "high_app_engagement AND no_etsy_visit",
          "action": "increase_etsy_promotion_frequency"
        },
        {
          "condition": "etsy_visit_from_email AND no_purchase",
          "action": "send_targeted_discount"
        },
        {
          "condition": "multi_platform_engagement",
          "action": "upgrade_to_ecosystem_vip_sequence"
        }
      ]
    },
    "cross_promotion_rules": {
      "etsy_integration": {
        "timing": "after_app_engagement_established",
        "approach": "lifestyle_alignment_messaging",
        "discount_progression": ["15%", "20%", "25%"],
        "urgency_triggers": ["limited_time", "exclusive_access", "community_bonus"]
      },
      "hub_community": {
        "timing": "after_ecosystem_awareness_built",
        "incentive": "premium_access_bonus",
        "positioning": "exclusive_professional_network"
      }
    }
  }
}